/* Абоненты */
INSERT INTO Абоненты (id_абонента, Фамилия, Имя, Отчество, Адрес) VALUES (1, 'Орлов', 'Сергей', 'Борисович', 'г.Омск, ул. Мира, 54,4');
INSERT INTO Абоненты (id_абонента, Фамилия, Имя, Отчество, Адрес) VALUES (3, 'Вавилов', 'Сергей', 'Борисович', 'Г. Омск, пр.Маркса, 34,23');
INSERT INTO Абоненты (id_абонента, Фамилия, Имя, Отчество, Адрес) VALUES (4, 'Титова', 'Александра', 'Иввановна', 'г. Омск, ул. Ленина, 5,24');


/* Телефоны */
INSERT INTO Телефоны (id_телефона, id_абонента, Номер_телефона, Номер_договора,Дата_установки) VALUES (1, 1, '(3812)531178', '4523В', '04.08.2004');
INSERT INTO Телефоны (id_телефона, id_абонента, Номер_телефона, Номер_договора,Дата_установки) VALUES (2, 1, '(3812)326789', '2378Ф', '01.01.1996');

INSERT INTO Телефоны (id_телефона, id_абонента, Номер_телефона, Номер_договора,Дата_установки) VALUES (3, 3, '(3812)953412', '99345Р', '01.01.2013');

INSERT INTO Телефоны (id_телефона, id_абонента, Номер_телефона, Номер_договора,Дата_установки) VALUES (4, 4, '(3812)333490', '3465Ф', '09.10.2012');
INSERT INTO Телефоны (id_телефона, id_абонента, Номер_телефона, Номер_договора,Дата_установки) VALUES (5, 4, '(3812)951211', '3466Ф', '09.10.2012');

/* Тарифы */
INSERT INTO Тарифы (id_Тариф, Название_города, Цена) values (3, 'Воронеж', 20);
INSERT INTO Тарифы (id_Тариф, Название_города, Цена) values (1, 'Омск', 10);
INSERT INTO Тарифы (id_Тариф, Название_города, Цена) values (4, 'Новосибирск', 10);
INSERT INTO Тарифы (id_Тариф, Название_города, Цена) values (2, 'Москва', 30);
INSERT INTO Тарифы (id_Тариф, Название_города, Цена) values (5, 'Санкт-Петербург', 30);

/* Разговоры */
insert into Разговоры (id_разговора, id_тарифа, id_телефона, Дата_разговора, Оплачен, Продолжительность) values (4, 3, 4, '08.03.2021', 1, 5);
insert into Разговоры (id_разговора, id_тарифа, id_телефона, Дата_разговора, Оплачен, Продолжительность) values (7, 1, 4, '15.03.2021', 0, 10);

insert into Разговоры (id_разговора, id_тарифа, id_телефона, Дата_разговора, Оплачен, Продолжительность) values (2, 3, 5, '02.03.2021', 1, 2);
insert into Разговоры (id_разговора, id_тарифа, id_телефона, Дата_разговора, Оплачен, Продолжительность) values (8, 1, 5, '15.03.2021', 1, 1);
insert into Разговоры (id_разговора, id_тарифа, id_телефона, Дата_разговора, Оплачен, Продолжительность) values (11, 1, 5, '01.04.2021', 1, 3);

insert into Разговоры (id_разговора, id_тарифа, id_телефона, Дата_разговора, Оплачен, Продолжительность) values (3, 3, 1, '08.03.2021', 1, 15);
insert into Разговоры (id_разговора, id_тарифа, id_телефона, Дата_разговора, Оплачен, Продолжительность) values (6, 1, 1, '15.03.2021', 0, 1);

insert into Разговоры (id_разговора, id_тарифа, id_телефона, Дата_разговора, Оплачен, Продолжительность) values (1, 5, 2, '02.03.2021', 0, 1);
insert into Разговоры (id_разговора, id_тарифа, id_телефона, Дата_разговора, Оплачен, Продолжительность) values (5, 3, 2, '15.03.2021', 1, 5);
insert into Разговоры (id_разговора, id_тарифа, id_телефона, Дата_разговора, Оплачен, Продолжительность) values (10, 3, 2, '01.04.2021', 0, 3);

insert into Разговоры (id_разговора, id_тарифа, id_телефона, Дата_разговора, Оплачен, Продолжительность) values (9, 3, 3, '23.03.2021', 1, 6);
